{
  "numTotalTestSuites": 1,
  "numPassedTestSuites": 1,
  "numFailedTestSuites": 0,
  "numPendingTestSuites": 0,
  "numTotalTests": 13,
  "numPassedTests": 13,
  "numFailedTests": 0,
  "numPendingTests": 0,
  "numTodoTests": 0,
  "startTime": 1720009225490,
  "success": true,
  "testResults": [
    {
      "assertionResults": [
        {
          "ancestorTitles": [
            ""
          ],
          "fullName": " ADIM 1.1: App' category isimli state tanımlanmış",
          "status": "passed",
          "title": "ADIM 1.1: App' category isimli state tanımlanmış",
          "duration": 36,
          "failureMessages": []
        },
        {
          "ancestorTitles": [
            ""
          ],
          "fullName": " ADIM 1.2: App'de category isimli state tanımlanmış",
          "status": "passed",
          "title": "ADIM 1.2: App'de category isimli state tanımlanmış",
          "duration": 11,
          "failureMessages": []
        },
        {
          "ancestorTitles": [
            ""
          ],
          "fullName": " ADIM 2: App'de handleCatChange fonksiyonu tanımlanmış",
          "status": "passed",
          "title": "ADIM 2: App'de handleCatChange fonksiyonu tanımlanmış",
          "duration": 10,
          "failureMessages": []
        },
        {
          "ancestorTitles": [
            ""
          ],
          "fullName": " ADIM 3.1: App'de SideBar'a prop olarak handleCatChange gönderiliyor",
          "status": "passed",
          "title": "ADIM 3.1: App'de SideBar'a prop olarak handleCatChange gönderiliyor",
          "duration": 9,
          "failureMessages": []
        },
        {
          "ancestorTitles": [
            ""
          ],
          "fullName": " ADIM 3.2: App'de SideBar'a prop olarak category gönderiliyor",
          "status": "passed",
          "title": "ADIM 3.2: App'de SideBar'a prop olarak category gönderiliyor",
          "duration": 12,
          "failureMessages": []
        },
        {
          "ancestorTitles": [
            ""
          ],
          "fullName": " ADIM 3.2: App'de SideBar'a prop olarak category gönderiliyor",
          "status": "passed",
          "title": "ADIM 3.2: App'de SideBar'a prop olarak category gönderiliyor",
          "duration": 7,
          "failureMessages": []
        },
        {
          "ancestorTitles": [
            ""
          ],
          "fullName": " ADIM 4.1: SideBar'da App'den gelen category destruct ediliyor",
          "status": "passed",
          "title": "ADIM 4.1: SideBar'da App'den gelen category destruct ediliyor",
          "duration": 7,
          "failureMessages": []
        },
        {
          "ancestorTitles": [
            ""
          ],
          "fullName": " ADIM 4.2: SideBar'da App'den gelen handleCatChange destruct ediliyor",
          "status": "passed",
          "title": "ADIM 4.2: SideBar'da App'den gelen handleCatChange destruct ediliyor",
          "duration": 7,
          "failureMessages": []
        },
        {
          "ancestorTitles": [
            ""
          ],
          "fullName": " ADIM 5: Products'da App'den gelen category destruct ediliyor",
          "status": "passed",
          "title": "ADIM 5: Products'da App'den gelen category destruct ediliyor",
          "duration": 7,
          "failureMessages": []
        },
        {
          "ancestorTitles": [
            ""
          ],
          "fullName": " ADIM 6.1: Products useEffect'de axios import edilmiş ve kullanılmış.",
          "status": "passed",
          "title": "ADIM 6.1: Products useEffect'de axios import edilmiş ve kullanılmış.",
          "duration": 8,
          "failureMessages": []
        },
        {
          "ancestorTitles": [
            ""
          ],
          "fullName": " ADIM 6.2: Products useEffect'de axios doğru adrese istek atıyor.",
          "status": "passed",
          "title": "ADIM 6.2: Products useEffect'de axios doğru adrese istek atıyor.",
          "duration": 6,
          "failureMessages": []
        },
        {
          "ancestorTitles": [
            ""
          ],
          "fullName": " ADIM 6.3: Products axios isteğinde hata mesajı .catch ile yakalanıp console'a bastırılıyor. ",
          "status": "passed",
          "title": "ADIM 6.3: Products axios isteğinde hata mesajı .catch ile yakalanıp console'a bastırılıyor. ",
          "duration": 8,
          "failureMessages": []
        },
        {
          "ancestorTitles": [
            ""
          ],
          "fullName": " ADIM 6.4: Products useEffect sadece category prop'unu dinliyor.",
          "status": "passed",
          "title": "ADIM 6.4: Products useEffect sadece category prop'unu dinliyor.",
          "duration": 8,
          "failureMessages": []
        }
      ],
      "startTime": 1720031650161,
      "endTime": 1720031650298,
      "status": "passed",
      "message": "",
      "name": "/home/projects/vitejs-vite-jpuc6t/src/__tests__/index.test.jsx"
    }
  ]
}